year,month,Hokkaido,Aomori,Iwate,Miyagi,Akita,Yamagata,Fukushima,Ibaraki,Tochigi,Gunma,Saitama,Chiba,Tokyo,Kanagawa,Niigata,Toyama,Ishikawa,Fukui,Yamanashi,Nagano,Gifu,Shizuoka,Aichi,Mie,Shiga,Kyoto,Osaka,Hyogo,Nara,Wakayama,Tottori,Shimane,Okayama,Hiroshima,Yamaguchi,Tokushima,Kagawa,Ehime,Kochi,Fukuoka,Saga,Nagasaki,Kumamoto,Oita,Miyazaki,Kagoshima,Okinawa
1996,1,157,119,48,15,59.5,101,29,21.5,7.5,3,6,18,13,19.5,197.5,256,245.5,238,13,48.5,82,59,21,16,115.5,36.5,35,31,35,21,205.5,94,30.5,39.5,36.5,11,32.5,43,56,41.5,38.5,44.5,58,14,55,67,58
1996,2,77.5,111.5,29,14,66,46.5,24,32,31,17,31,40.5,45,50,111.5,131.5,117,122,39,45,42,34.5,30.5,31,58,40,35,32,37.5,42,141,98,28,46,67,33,28.5,42,51.5,41.5,41.5,36,43.5,43,36,51,123
1996,3,73,77.5,121.5,121,145.5,114.5,111,90,64.5,44,74,76.5,118,148.5,148.5,189,176.5,179.5,115,87,250.5,342.5,202,156.5,173,173,132.5,104.5,135,141.5,140.5,172,70,180.5,214,80.5,47.5,89,236.5,124.5,152.5,110,146,108,174,141.5,231
1996,4,30,60,53.5,47.5,83,47.5,29.5,67.5,47.5,38.5,83,61.5,111,104,45.5,61.5,52.5,43.5,32.5,12.5,30.5,53.5,34.5,45.5,31.5,39.5,28.5,33.5,37,69.5,50.5,38.5,42.5,72.5,83.5,65,66,82.5,104,104,94,82,109.5,123,237.5,219,183
1996,5,88,105,110.5,127.5,113.5,128,103,169,132,77.5,119,105.5,128,144.5,130,126,109,109.5,58.5,116,141,89.5,104,114,112,95,68,62.5,85.5,79,97.5,88,114,101,97,67,78,60.5,279,50.5,85,50.5,41,82.5,141.5,161,394
1996,6,29,134,170,126,212,98.5,69,51,98,93.5,33,39.5,36,66.5,185,305,342.5,219.5,89.5,145,251.5,219.5,176,162,194.5,218,283.5,269,290.5,177,197.5,363,232,284.5,439.5,135.5,248.5,328,223,344,489,370.5,637,320,373.5,459.5,103
1996,7,88.5,69.5,146,117,134,71.5,103,178,149.5,130.5,207,328.5,253.5,480,80,60.5,42,51,131,100,165.5,330.5,135.5,135.5,127,149,114.5,80.5,95.5,122,173.5,110,73.5,104,107.5,70.5,63,170,204,113,108.5,93,247,207.5,422,478.5,43
1996,8,85.5,54.5,56.5,82.5,47,85.5,23.5,22,41.5,65,14,45.5,31.5,49.5,84,149,121,218.5,46.5,75.5,252.5,146.5,101.5,207,212.5,337,129.5,112.5,129.5,44,139,101,85.5,106,209,147.5,47.5,61.5,140,179.5,331.5,256.5,176.5,93.5,209,239,294
1996,9,124.5,72.5,82.5,207.5,57,134,143.5,317.5,295,219.5,325,395,382,373,131,159,179.5,207.5,178,113.5,150,128.5,104,113,130.5,157.5,173,165,139,99,232.5,116.5,126,172,68.5,141,114.5,75,160,76,74.5,75.5,127.5,80.5,234.5,66,237
1996,10,153,63,13,16,144,13,24,66,78.5,64.5,56,82,83.5,95.5,114,102,114,123.5,77,45,100.5,125.5,106,139.5,142.5,109.5,114.5,122.5,101.5,69,203,86,121,58.5,48.5,68,114.5,70.5,131,72,45,46,40.5,74,95,13.5,121
1996,11,96,115,81,76.5,245.5,96.5,80.5,105,93.5,52.5,91,121,84,95,219,269.5,316.5,188.5,58.5,48,92,139.5,82.5,86.5,107.5,69,67,52.5,72.5,72,81.5,135,42,39,60,48,42,49,41,70,47.5,41,72.5,45.5,85,95,39.5
1996,12,97,105.5,67,9.5,188.5,31.5,15.5,43,43.5,10,46,32.5,48,58,253.5,228.5,318.5,322,26.5,52.5,99.5,142.5,59.5,60,112.5,91.5,100.5,90.5,63,105.5,175,107.5,42,58.5,69.5,144,37.5,60.5,106.5,59,89.5,57.5,37.5,21,35,91.5,60
1997,1,49.5,127,22.5,56,95.5,54,37.5,47.5,42.5,13,28,31,29,33.5,169.5,252,268.5,273.5,26,60.5,41.5,17,21.5,15.5,121.5,33,34,29,27,31,164,126.5,19.5,18,51.5,23.5,35,83.5,39,68,46,44,47.5,34.5,45.5,33.5,97
1997,2,120,80,55.5,32.5,80.5,58,34.5,47.5,24.5,6,20,29,21.5,40,92,101.5,114,139.5,29.5,52.5,49.5,68,27.5,24,82.5,37.5,28,29,26,40.5,113,84.5,19.5,42.5,32.5,28,18.5,56,42,32,20,23.5,52,43,42.5,55,106
1997,3,59.5,47,67.5,19.5,56,32,42.5,83.5,86.5,58.5,71,78.5,106,93.5,98,111,92.5,101.5,60.5,39,115,153.5,86,67.5,93.5,84.5,107,89,92,77.5,69,101,87,95,127.5,79,89.5,105.5,162.5,91.5,115.5,75,113.5,88,137.5,141,80.5
1997,4,15.5,51,65.5,69.5,86.5,69,86,74.5,146,52,79,92.5,105.5,146.5,149.5,260,219.5,163.5,65.5,59,129,254,131.5,97,123.5,108,126,116,87,106,99.5,121.5,87,144.5,195.5,57.5,101.5,132.5,125.5,142.5,143.5,100,224,146,130.5,127,235.5
1997,5,74,110,150,147,191.5,117,138,246.5,293.5,141.5,220,157.5,186,182.5,188,197.5,231.5,226.5,70,73.5,218.5,113.5,162.5,167,206.5,167,114,144,102.5,156.5,215.5,215,106.5,291.5,356,110.5,72.5,120.5,123.5,181.5,288.5,125,164.5,113.5,70,119,214
1997,6,21,117,150.5,280.5,137.5,253.5,200.5,143.5,201,105,178,99.5,170.5,159.5,293,143,195,90.5,142.5,80.5,92.5,274.5,150,137.5,99,131.5,59,74,92.5,93,131.5,127,102,180.5,210.5,154,72.5,132,307,190,262.5,357,209.5,166.5,350,403.5,334.5
1997,7,81,20.5,76.5,88.5,101.5,133.5,49.5,67.5,280.5,178,117,173.5,185,139,257.5,325,351.5,323,175,130,583.5,400.5,450,306.5,428.5,354.5,286,369.5,315,229,462.5,596.5,302.5,457.5,463.5,168.5,288,315.5,266.5,529.5,611,631,923,439,219,330.5,25.5
1997,8,188,151.5,125.5,45.5,110.5,30.5,72.5,55.5,156.5,137.5,7,34,144,50,129.5,129.5,98,144,52,92,100.5,47.5,62.5,52,126,185,119.5,57.5,95,82,130.5,241,45.5,131,235.5,70.5,49.5,55.5,280,322.5,282,189,220.5,156,262.5,97,462
1997,9,131,110.5,190.5,242,199,167,226.5,133,172,314,187,97.5,204,184,205,213,258.5,129.5,115.5,122.5,183,175,218,189,139,212.5,223,229.5,156,249.5,284.5,394,165.5,243,244.5,271,178,213,548,216,261.5,271,181,352,434,270.5,103.5
1997,10,82.5,171,63.5,11.5,272,50,15.5,8.5,11.5,6,11,28,19,3,143.5,145.5,232.5,132.5,6,3.5,8,21.5,9.5,27.5,15.5,11,26.5,31,21.5,28,89.5,61,19,27.5,22.5,42,45,65,34.5,33.5,17,3.5,3,48,137,26,77
1997,11,117,93,177.5,133.5,162,84.5,132.5,117.5,119.5,58,144,71,91,107.5,161.5,212.5,227.5,231.5,125.5,86.5,262.5,337.5,229.5,225.5,197,163,133,96.5,174.5,145.5,152,158.5,54,168,271,122,99.5,107,184.5,180,197,190,174.5,95.5,132,127.5,161.5
1997,12,76,133.5,47,35,151.5,54.5,42,48.5,31.5,9,30,47.5,40.5,47.5,188.5,180,216.5,182.5,40.5,43.5,62,46.5,61.5,52.5,106.5,71,81.5,76.5,86.5,51.5,163,88,39.5,61,84.5,43.5,47,54,39.5,96,107.5,100,82,66.5,108.5,95.5,121
1998,1,108.5,167,83.5,72,101.5,150.5,103.5,93,69.5,93.5,94,119,122,133.5,311,320.5,287,324,128,91,149,180.5,154.5,132.5,176.5,116.5,112.5,89.5,113.5,124,255,211.5,109.5,137,163,106.5,98.5,126.5,146,208,162.5,108,149,182,274,185.5,167.5
1998,2,69,43,26.5,42.5,58,46,57.5,61.5,70,84,94,87.5,110.5,120.5,89.5,149,126,109,85.5,67.5,96.5,122,88.5,108.5,83,59,96.5,61,104,118,97.5,111,81.5,54,78,146.5,86.5,45,191.5,68,72,119,88,97.5,231.5,123,335.5
1998,3,83,20.5,48,26,61.5,36,37.5,78.5,57,57.5,83,102.5,108,124.5,93,120,100.5,110.5,72.5,53.5,157,204.5,94,81.5,125.5,88,62,69,78,69,78.5,83.5,57.5,102,121.5,50.5,85.5,72,160.5,93,96.5,99,107.5,90,116.5,179,166.5
1998,4,28.5,65.5,61.5,121,107,83,150.5,228,258,173.5,179,164,188,219,131.5,214.5,180,191,161,129.5,259.5,468.5,212,229.5,213,171.5,204,170,233,231,159,152.5,97.5,181,262,193,89,141,256,201,232,223.5,228.5,163.5,306.5,407.5,226.5
1998,5,58,138,107,89.5,197,60,64.5,187,221.5,99.5,141,120.5,140.5,201,197,245.5,302.5,250.5,115,96,300,366.5,271.5,362.5,270.5,232.5,263,202.5,273,336,141.5,216,124.5,180.5,293,395.5,162,123.5,515.5,268.5,188,179,162,159,270.5,337.5,286.5
1998,6,83,164,163,157,252,41,91.5,130,135.5,127.5,146,129.5,150.5,182,88,135,178,152,126.5,52,261,362.5,203,287,225.5,271,248.5,166.5,260.5,291,125.5,132,157.5,275,475,296,107,249.5,862,401,477.5,618.5,653,396.5,555.5,497,379.5
1998,7,71,42,138,140,113.5,149.5,167.5,218,258.5,288,201,142,156.5,268,112,161.5,127,257,118.5,134.5,201.5,316,242,164.5,79.5,107,138.5,129,132,87.5,251,183.5,69,129,178,106.5,110,113.5,409.5,154.5,150,254.5,150.5,109.5,156.5,206,334.5
1998,8,88.5,302,379,422,412.5,441,576.5,248.5,331,226,356,91,143.5,144.5,616,630.5,373,333.5,182.5,181.5,160,486.5,119.5,57,73.5,90,43,89.5,111,4,120.5,136.5,100,46,114,22.5,83.5,32.5,12.5,175,99.5,73.5,40,60.5,12,69.5,131
1998,9,218,172.5,205.5,165.5,182,143,133,258,333.5,322,314,142,229,270.5,138.5,303,326,339,348.5,139,340,484.5,279.5,420.5,214.5,205,161.5,302,199.5,202,366.5,241,242,118.5,124,382.5,363,158,1355,90.5,52.5,93,116,282,297,143,268.5
1998,10,76,166,183.5,158.5,287.5,115,117,126,174,154.5,163,189.5,142.5,174,216.5,178.5,209.5,205.5,175.5,120.5,275,365,268,289.5,244,473.5,221,266.5,154.5,310,210.5,222.5,213.5,259.5,245.5,323.5,230.5,276,445,139.5,157,174,178.5,413,411.5,347,689
1998,11,137.5,216,104,7,200,43,10.5,1.5,0,0,3,10,7.5,11.5,243.5,278,248.5,200,1,11.5,10,3,7,6.5,14.5,4,17,22.5,9.5,14.5,103,73,3.5,24,22,9,23,39,16,43.5,33,73.5,30,27,43,55.5,164
1998,12,134,109,74,18,169.5,81,16,33.5,31,23.5,41,48,48,51.5,160.5,189,173,106.5,34.5,18,36,39.5,40,53.5,45,30,37.5,12,24.5,30.5,108,37.5,5,1.5,4.5,15,4,5,13.5,23,0.5,4.5,2,0.5,6.5,9,173
1999,1,135,186.5,31.5,4,133.5,62.5,25,3,3,0.5,6,17.5,19.5,20.5,143,261,262.5,368.5,9,25.5,66.5,27.5,33.5,12.5,93.5,34.5,19.5,15,17,15,194,95.5,15.5,32,40.5,10,15.5,27,26,42,35.5,38.5,19.5,27.5,40.5,39,114
1999,2,84,186.5,64,26,100.5,51.5,28.5,48,26,8,28,50,35.5,41,135.5,253,239.5,219,29.5,39.5,55.5,89,54.5,51,140,56.5,49.5,52,45.5,33,241.5,124.5,42,61.5,49.5,29,33,34,47,51.5,41,52,48,45.5,65,107,48
1999,3,86,68,128,119,104,95.5,107,140.5,138.5,72.5,110,143,144.5,166.5,105,123.5,95,112,79.5,45.5,165.5,252,102,113,107,141,122.5,112,119,95,143,146,75.5,106,153.5,93.5,76,81,232,65,101,101,112.5,125,271.5,214,195
1999,4,32.5,44.5,36,145,119,120,130.5,192.5,173,124,222,200.5,205,217,81,147,153.5,111,86,29.5,122.5,205.5,100.5,232.5,84,72.5,55.5,46.5,61.5,72.5,93,89,59.5,110,126,141.5,56,77,297,101,111.5,105,67,132,200,106,160.5
1999,5,93.5,143.5,201,106,115,46.5,76,128,123,63.5,72,63,103.5,124.5,63.5,141,125,126.5,101,51,260.5,365.5,176.5,145.5,149.5,167,110,107.5,123,161,122,143,130.5,163,196.5,97.5,88,128,333.5,128.5,149,162.5,178.5,99,225.5,274.5,172.5
1999,6,32.5,42,125.5,245,97,195,228,204,263,180,123,146,192.5,166,215.5,247,249,233,183.5,146.5,287,355.5,315.5,269,320.5,523.5,404.5,392.5,353,370,260.5,372.5,268.5,411,430.5,264,290,462.5,563.5,464,530.5,429.5,630.5,390,364.5,611.5,123.5
1999,7,154.5,125.5,145.5,261.5,160,153.5,257,135,209,225.5,215,285,342,309,133.5,88,136.5,122.5,121,100.5,160.5,211.5,161,113.5,110.5,106.5,112.5,111,49.5,149.5,81.5,126.5,122,206,185,156.5,90,171,837,247,357,347,231.5,128.5,511.5,238.5,237
1999,8,103,86.5,104.5,240,155.5,143.5,93.5,102,129.5,557.5,386,186.5,301,140.5,167,155,181,176,148.5,111,213.5,168.5,169,64.5,109.5,99.5,156,78,247.5,72.5,59,78,31.5,172,324.5,199.5,62,184,516,194.5,287.5,349.5,92,325,655.5,433.5,211
1999,9,107.5,208,150,280.5,223.5,263,285,110,215.5,155,142,78,91,86.5,242.5,424.5,348.5,129.5,155,238,484,257,355,477.5,203,192,155.5,194,220,221.5,248.5,152.5,112.5,313.5,260.5,265,168.5,173,345,185,350,490,434,440,654.5,309,693.5
1999,10,80.5,241,80.5,105,168,86.5,78.5,119.5,86.5,88.5,128,69,87.5,114,151,200,178,113,67,112,81.5,50.5,68,66,91.5,100.5,115.5,116.5,98.5,77.5,149.5,75.5,47.5,59.5,37.5,58.5,87,76.5,133.5,60.5,48,99,30,42,69.5,63,67.5
1999,11,75.5,140.5,89.5,45,167.5,65.5,61.5,73.5,45,20,49,76,93,110,267.5,209,237.5,247,47.5,41.5,77,168,92,63,59.5,76.5,60,66,53.5,85.5,178.5,140.5,50.5,58.5,109,162.5,71.5,64.5,242,100.5,84.5,127.5,80.5,71.5,18.5,44,66.5
1999,12,110,163.5,53,19,206.5,131.5,32.5,16,5.5,0,2,16,7,8,258.5,341.5,369.5,416.5,0,16,2,1,1,1.5,26,5.5,4.5,3,2.5,5,232.5,143,2,9.5,33.5,1.5,8,25,8.5,22,11,27.5,22,15,15,22,158.5
2000,1,131.5,148,101,44.5,180,72.5,59.5,66.5,52,13.5,58,71,66.5,76.5,187,174,151.5,128.5,43,25.5,76.5,112,56.5,46.5,111.5,66.5,52,40.5,59,52.5,175,160,53,52.5,82.5,68.5,44,73,88.5,71,74.5,84,88,75.5,79,69,87
2000,2,89.5,130.5,48.5,9.5,135.5,95,39,27.5,10,3.5,2,6,4,3,130.5,206.5,184,206,1,37.5,54,27,34,24,151.5,28.5,36.5,25.5,36,46,247,91,16.5,35,48.5,29,23.5,31.5,41,27,38,49,49,39,52,49.5,149
2000,3,103,108,122.5,54.5,115.5,60.5,104,59,60,17,88,68.5,85.5,114,89,210,198.5,239,86.5,79.5,130,178,106.5,66,119.5,95.5,94.5,96.5,96.5,93.5,181.5,125.5,77.5,167,170.5,76.5,68.5,118,232,103.5,111,99,96,90.5,105.5,109.5,118.5
2000,4,123.5,60,183,178.5,152.5,107.5,139,153,178.5,113.5,150,102,151.5,117.5,86.5,131.5,142.5,140,86.5,57,169.5,197.5,150,104,126,88,77.5,65.5,56.5,95.5,92,106.5,88,116,105,57.5,61.5,84.5,124.5,82.5,98.5,79.5,76,112,198,155,394
2000,5,76,85.5,182,90.5,89.5,107,170,147.5,152,132.5,118,126,109,74.5,62,48.5,50.5,68.5,26,57,212,122,115.5,119,166.5,146,90.5,90.5,192,76.5,115,73.5,84,127,145.5,116.5,75.5,101.5,172,101,148,147.5,250,173,255.5,267.5,66.5
2000,6,50.5,29.5,85.5,84.5,101,84.5,87.5,196.5,174,153.5,184,200.5,232,267,130,197,186,144.5,173.5,147.5,233.5,433.5,236,195,157,145,198,155,245,195,147,125,138,156,247.5,134,126.5,219,287.5,250.5,337,258,445.5,320.5,538,720.5,186.5
2000,7,194,263.5,196,248.5,133,226.5,196,254.5,276.5,190,267,237,373.5,223.5,175.5,65,105.5,60,105,94,58.5,205,74.5,47,42.5,49.5,42.5,14.5,65.5,64.5,82.5,74.5,57.5,84,81.5,51,17,31.5,189.5,149.5,112,113.5,160,82.5,190.5,367.5,367.5
2000,8,103.5,26,65,54,16,49,60,32.5,195.5,86,193,88.5,162,95.5,11.5,39.5,5.5,73.5,265,61,20.5,194.5,17,114.5,20,78,6.5,19,17.5,23.5,25,26.5,16,28.5,93.5,41,11.5,38,266.5,100,348.5,209.5,148.5,32,267,392.5,279.5
2000,9,307,178.5,219,221,219.5,114,218,245.5,327.5,320.5,309,197.5,164,309.5,284,287,414,352.5,500.5,138,397.5,354,707.5,570.5,240,331.5,261.5,230.5,280.5,484.5,249.5,407,113,136.5,152.5,432.5,172.5,217.5,748,197.5,161.5,171.5,131.5,306,509.5,198.5,317
2000,10,24.5,56.5,46,88,114,67.5,69.5,138.5,125.5,91.5,124,130,142.5,141,137,173.5,160,142.5,110,79,189,227,135,239.5,158,148.5,126.5,121.5,146.5,128,189,111,50,112,95.5,184,107,55.5,97.5,86.5,108.5,113,131.5,102.5,201,164.5,95
2000,11,140,112,112.5,94,161.5,106,117.5,73.5,79,41,112,88.5,106,127,195,233.5,290.5,173.5,80,60,95,234,74,56,120.5,172,154.5,149,98.5,126,263.5,198.5,89,108.5,137.5,104,105,133.5,191,143,148.5,194,192,78,117.5,106.5,292.5
2000,12,101.5,208,56.5,19,144.5,75,31,5.5,3,0.5,3,13.5,6.5,8.5,153,188.5,237.5,247.5,2,12,43.5,21,29,18,61.5,19.5,23,18.5,26.5,28.5,158.5,68.5,30.5,15.5,27.5,42.5,44,46.5,62,32,24.5,42,57.5,46.5,80.5,66.5,260
2001,1,71,186,60,80.5,112.5,130,103.5,95.5,80,61,0,168,126.5,146.5,210.5,352,305.5,427.5,126,93.5,140.5,185,134,99,160,114,109,81,105,94,231,153,103.5,87,160.5,92,84.5,68.5,85.5,134.5,114,94,86,127.5,110.5,104.5,118.5
2001,2,64,122.5,21.5,24,59.5,50.5,20.5,19.5,20.5,27,13,30,23,38.5,165,120.5,100.5,119,34.5,25,57.5,95,46,32,83,79,65,65.5,63,50,118.5,121,79.5,84.5,90.5,24.5,60,93.5,99.5,94,87,96,103.5,70,78,83.5,37.5
2001,3,83,66.5,95.5,75.5,92.5,89,71.5,127,95.5,64.5,94,118,107.5,133.5,115.5,185.5,141,153.5,96,72,99,102,69.5,84.5,108.5,87,64,56,72.5,56,190.5,130,45,48,98.5,63,52.5,50.5,69.5,84.5,58,42.5,80,81,80,99.5,96
2001,4,28,31.5,22.5,4,47,8.5,0.5,29,28.5,14.5,25,46,40.5,64,33,42,45.5,57.5,18,16,25,62,25,73,38.5,27,24.5,22.5,42,36.5,54,42,31.5,22,48,45.5,33,46.5,100.5,53.5,49.5,94,71,100,278.5,172,235.5
2001,5,17,81.5,92.5,84.5,119.5,44.5,58,129,129.5,123.5,157,162,170.5,194.5,40,105,86,94,148,60,148.5,119,150,214,148,148.5,95.5,102,108,123.5,120,183,163,185,237.5,160.5,108.5,136.5,472,117.5,66,50,42,164,240,82.5,478.5
2001,6,42,67.5,122.5,188.5,123,206,202,144.5,141,167,117,128,144.5,141,279.5,281.5,245,296.5,109.5,160.5,260.5,200.5,161.5,212.5,205,215.5,135,127.5,188.5,181.5,197,322,239.5,349,513.5,179.5,163.5,388,196,490.5,337,244,526,325.5,436.5,510.5,151.5
2001,7,111,216,215.5,137,257,125,72,38,207,124.5,16,8,41.5,46.5,28,108,66,75,38.5,45,112.5,27.5,29,55.5,133,100.5,34.5,37,69.5,94,105,104.5,54.5,147.5,260.5,190,81,151.5,223.5,311,444.5,280.5,358,125,212,149,50.5
2001,8,135,70.5,127.5,138,97,176,140,102,341,318.5,116,111,136.5,162.5,135.5,230.5,83,89,257,156,276,263,378.5,280,173,99.5,97,39,153,93,146,132,101.5,70,68.5,169,157,123,136,78,179,99,42,210.5,200.5,51.5,200
2001,9,237.5,176.5,109.5,121.5,130,94,83.5,132,179,198,205,195.5,204,215.5,192.5,206.5,237.5,318.5,74.5,121,176.5,437.5,169.5,269.5,134,130.5,161,101.5,115,277.5,292,285.5,122,176.5,144.5,303,93,129,332.5,211,237.5,191.5,187,202.5,538.5,430,1095.5
2001,10,86.5,103,106,176.5,120.5,67,162.5,307,230,177.5,279,352.5,343,306.5,84,159.5,170,174,182,92,182,315.5,166,179,167,170.5,190,171.5,156,305,171.5,191.5,239.5,274,181.5,426.5,188.5,197,580,148,189.5,221.5,133,165,382,181,55
2001,11,83,129.5,67,28.5,151.5,60.5,38,84.5,61.5,33,126,119.5,123.5,139.5,208.5,211.5,259,153,59.5,39,49,149,52,51,50.5,32.5,38.5,35.5,70.5,54,236.5,188.5,60,66.5,80,45.5,52.5,80,59.5,145,112.5,78,130,85,49,57,3.5
2001,12,167,149.5,29.5,34,99.5,90,39,35.5,11.5,7,16,43.5,30,42,216,242.5,182,207.5,17,46,53,53,34,32.5,79,30,27.5,25,46,43,223.5,208,43,46,71,38,28.5,37.5,62.5,75,50,67.5,40,23.5,45,69,122
2002,1,150,177.5,102.5,147.5,162.5,139,106.5,128,106.5,105,111,116.5,98.5,104.5,385,428,450.5,463,99.5,142,160,139.5,88.5,94.5,117.5,69.5,44.5,60.5,60,70,272,235,53.5,56,121,117,42,43,119.5,95.5,82,78.5,52.5,60,72.5,72.5,39
2002,2,60.5,52.5,28,1.5,65.5,31,2.5,27.5,21,15.5,23,41.5,25,33.5,81,112,108.5,114,22,25.5,38.5,46.5,31,42.5,69,18.5,34,21,49.5,48,151.5,71,18.5,24.5,25.5,24.5,18.5,39.5,34.5,40.5,31,49,83,43.5,40,60,52.5
2002,3,45,88.5,134,66.5,139,80,73.5,72.5,121.5,40,111,89,82,101,135.5,164,159.5,170,74.5,72,161.5,212,111,69.5,121.5,106,96,95,85,99,161,160.5,88.5,179,182,66.5,59.5,93,245,125.5,138,101.5,112,51,104,123,93
2002,4,30.5,38.5,46.5,36,126,23,25,46.5,69,68.5,50,54,58,66.5,77,110,116,153,44.5,51,165.5,80,94,103,145.5,142.5,62.5,80,64.5,63.5,77.5,89,113.5,131,177,72.5,70,99.5,151,102,238,192.5,162.5,142,158,198,61.5
2002,5,41,55,98.5,115,108,92.5,113.5,146.5,106,115.5,90,86,112.5,141,103,231,182.5,131.5,60,53,135.5,161.5,95,164,94,112,100,107,93,95.5,105,150.5,137.5,215,205.5,121.5,112.5,188.5,262.5,255.5,314.5,183.5,313.5,300,205,191,125
2002,6,64.5,103,68.5,132.5,97,101.5,81,118,96.5,122.5,123,155.5,151.5,242,70,117.5,106,62,75.5,70,91,281,89.5,137.5,69,86.5,119,75,99.5,107,67,72,122,141.5,184.5,125,111,169,218,103.5,141.5,152,241,184,258.5,517.5,290.5
2002,7,128,145.5,382,359.5,256,250,341.5,124,321,236.5,186,106,124,185,386.5,363,462.5,239,310.5,214,220.5,398.5,150,99.5,267,149,134.5,96.5,116,73,129,230,68,156,193,230.5,136.5,70.5,199.5,109.5,218,232.5,181.5,335.5,247.5,347,445
2002,8,102.5,316.5,354.5,72.5,347,95.5,87.5,62,304.5,287.5,91,85.5,120,154.5,128,63.5,45,38.5,76,35.5,36,153.5,19,70,37,66.5,47.5,40,116.5,104.5,136,56.5,47,71.5,70.5,53,27,25,247,108.5,82.5,208.5,63,64.5,191,124,21.5
2002,9,87.5,113.5,105,82.5,52.5,45,106,214.5,157.5,269.5,67,316.5,207,283,87,210.5,210.5,132,68.5,106,102,246.5,108,207,70.5,79.5,66.5,78,58.5,83.5,137.5,89.5,76,137.5,170,93.5,71,69,377.5,186,122,64.5,55.5,53,128.5,28.5,511
2002,10,149,107,152.5,149.5,197.5,182,167.5,134,179.5,158.5,190,202.5,194,207.5,254,207,254,228,131,127,152,289,163.5,136,140,96,119,76,112.5,63,129.5,158,33,54,77,140,19.5,26.5,65,109.5,88.5,132.5,72.5,67.5,117,136.5,201
2002,11,165,185,125,61.5,292.5,146,59.5,29.5,30,20,28,22,27.5,28,405,432,511,400,17.5,44.5,54.5,25,44,34,98,39.5,66.5,51.5,57,54,166,177,17.5,37,42.5,36.5,29.5,24,50,37,81.5,133.5,109,45.5,80,100,28.5
2002,12,77.5,143,23.5,16,83,29.5,24,77,58.5,64,68,95,94.5,91.5,171,269,187,237.5,71,34.5,80.5,98.5,89,93.5,121,59,64,43,78,84.5,244.5,150.5,52.5,69.5,97.5,90,68.5,83,88.5,98.5,85.5,85.5,97.5,128,187.5,184,158.5
2003,1,104,123.5,100,74,149,114.5,83.5,76.5,55,22.5,57,115.5,101,119,173,303,243,283,94,69.5,103,146,95,95.5,134,97.5,83,55,107.5,86,131,179.5,28,45.5,92.5,63,36.5,52.5,74,50,56.5,75,52,19.5,34.5,102,60.5
2003,2,59.5,65.5,32.5,18,61.5,20,15,46.5,25,9.5,30,61.5,53.5,56.5,47,72.5,94.5,97,27.5,28,58,60.5,60.5,55,62,64,61,56.5,68,69,106.5,100,41.5,57.5,84.5,40.5,46.5,61.5,67,74.5,74.5,42.5,58,25,66.5,86.5,27
2003,3,65,101.5,60.5,123.5,99.5,107.5,118.5,137.5,106,61,111,161,159.5,246,106.5,140,141,173.5,106.5,63.5,106,215.5,110.5,139,94,111,117,96,122.5,94.5,140,158,85,93.5,171,82.5,89,113,152.5,103,109.5,81,122,115,199.5,160,70
2003,4,61,97.5,105,75,163,81.5,72,136,129,106,104,122.5,121,146,174,267,228.5,221,110.5,74,286.5,240.5,193,109,200,188,148.5,159,148.5,165.5,160,223,129,205.5,225.5,114,95,155,230.5,144.5,230.5,241.5,246.5,132,233.5,184,112.5
2003,5,31,56.5,38,48,38.5,39,39,129.5,110,80.5,151,89,172.5,179.5,66.5,68.5,70,53.5,130,42.5,135.5,251,114,228,109,118.5,105.5,97,113.5,88,137.5,212,126.5,189,174,281,124.5,169.5,471,110.5,181,115.5,176,251.5,580,157.5,130.5
2003,6,68.5,117,84.5,106.5,94,85.5,110,137.5,115.5,91.5,80,38,85,78,123,176.5,136,202.5,59,79,222.5,126.5,162,182,227,262,145.5,216,170,190.5,126.5,93.5,111,202,204,189.5,98,138.5,310.5,200.5,257.5,264,364,241.5,701.5,551.5,222
2003,7,29,71.5,188,286.5,195,186,157,134,216,218,135,143.5,187.5,242.5,248,201.5,226.5,270.5,188,89,451,704.5,379.5,234.5,299.5,256,167,193.5,150,103,234,443,235.5,466,732.5,140.5,150,270,273.5,444.5,415,243,589,219.5,135.5,285,13.5
2003,8,90.5,167,250.5,211,218,160,237,216,221.5,148.5,280,318.5,370,420,182.5,283,236,166,311,127,298.5,834.5,324.5,265,307,298.5,266,325.5,210,278,189.5,207,163.5,184.5,383.5,409,319,169,513.5,232,282.5,283.5,362.5,423,233,186,245
2003,9,110.5,148,120.5,98,117,83.5,167.5,102.5,177,160,162,138,150,139.5,73.5,159,98.5,77.5,151.5,99.5,271,217,150,141.5,170.5,137.5,150.5,117.5,176.5,196,107,168,70.5,94.5,50,314,71,49.5,303.5,69.5,66.5,120,30.5,220,208,39,219
2003,10,149.5,107,62.5,56.5,179,38,65.5,117.5,97,70,81,125.5,171.5,163.5,153.5,121,105.5,86.5,69.5,35.5,76,139.5,93,93,63.5,53,96,54,90,90.5,50,49,27.5,1.5,4.5,162,55,29,175.5,11,6.5,13,23,78.5,114.5,45.5,177.5
2003,11,64,111,103.5,150,117.5,135.5,145.5,164.5,192.5,111.5,175,228,229.5,277.5,164,269.5,198.5,181,154.5,114.5,205.5,335.5,190,202,188.5,191,170.5,145.5,164,258,149.5,181.5,142,131,125.5,230.5,141.5,155.5,279.5,124.5,176,166,193.5,209,165,206.5,120
2003,12,83.5,145,67,32,141,83.5,41.5,41,24.5,25.5,41,53.5,53,64.5,176.5,270,295,262,23.5,70.5,71.5,39.5,33,16.5,71,36.5,18,22.5,25.5,40.5,213.5,209,30,39,52,33.5,25.5,37,53,36,36.5,33,39,28.5,29,31.5,60
2004,1,139,127,52,23.5,141,111.5,41,9.5,3,0,2,9,3.5,9.5,203,214.5,247.5,245.5,15,28,16.5,27,18.5,21,79.5,16.5,19,8.5,26,21,161.5,132,2.5,3.5,23.5,9.5,8,25.5,12,55,26.5,40,35,31.5,33,49,140
2004,2,158.5,121,49,35,88.5,74,37.5,20.5,15.5,15.5,8,18,20,25.5,110,266.5,243,259.5,27,63,72.5,93.5,40.5,34.5,72,54.5,47.5,48.5,52.5,68,92,86.5,45,41.5,78.5,36,33.5,70.5,82.5,66,135,81.5,84,28,14,36,100
2004,3,42.5,85,50.5,12.5,64,17,13,112.5,77,42,101,121.5,129.5,162.5,84,117.5,132.5,113,70.5,19.5,64,147.5,71.5,75,110.5,74,75.5,64,82,73,152.5,118.5,65.5,67.5,116,131,72,75,182.5,97,100,109,113,83.5,159.5,136.5,106
2004,4,28.5,84.5,94,108.5,130.5,98,108.5,104,113.5,32.5,49,76,69.5,96.5,111.5,115,171,147.5,69,52,185,230,88.5,36.5,89.5,137.5,125,171.5,78,49.5,51,94,65.5,180.5,233.5,70,58,106,330.5,68.5,125.5,158,139,78,136,140.5,64
2004,5,76,102,109.5,142,233.5,118.5,133,181,197,197,132,132,149,155,192.5,313.5,322.5,340,132.5,156.5,296.5,258.5,227.5,256,260,254.5,281.5,219,285,256,246,299,240.5,417.5,356.5,196,145,274,286.5,268.5,403,321,372,190.5,222,352,105
2004,6,58,38,141,136.5,154,113.5,75,89.5,111.5,74.5,104,190.5,112.5,185,132.5,205.5,166.5,173,116,121,202,641,186.5,187,140.5,161,133.5,181.5,107.5,172,107,83.5,205.5,199,209.5,254,208.5,339,379,225,248,86,121,150.5,289.5,197,393.5
2004,7,70.5,122.5,230.5,156,122,226.5,178,78,142.5,45.5,41,20,23.5,57.5,222.5,214.5,78.5,254.5,41.5,60,90,174,64,92.5,93.5,50,42,18.5,39.5,35,72,122.5,40.5,82,60,133.5,113,36.5,218.5,53,176,82.5,95.5,83.5,159,107,192.5
2004,8,128,101.5,222,71.5,179.5,127,87,70.5,95,128,73,75.5,79.5,91.5,178,50,81.5,85,271.5,60,180,233.5,114,135,198,249.5,106.5,169,199,189,149,157.5,256.5,257.5,406.5,605,229.5,282.5,576,154.5,198.5,133,169.5,318.5,467,292,160
2004,9,126.5,271.5,284,85,215.5,85.5,80,114,270,199,142,266,195,176.5,109,255.5,269.5,342.5,155,200.5,268,289,450.5,583.5,175.5,210.5,202.5,151.5,224.5,196,326.5,329,162.5,299,401,391.5,195,130,501.5,304.5,277,273,328,505.5,551.5,329.5,375
2004,10,46,44,115,293.5,108,237,407.5,489.5,490,392.5,673,532,780,761.5,237.5,305.5,193.5,246,586,319,346.5,957,489.5,506,253,276,356,261.5,232,278.5,335.5,293,242,209,187.5,483,397.5,246.5,367.5,256.5,158,187,172,519.5,615.5,351,151.5
2004,11,85,99,68.5,105.5,152,57,66.5,72,81.5,38,80,154.5,108.5,123.5,144,155.5,185,161,50.5,25.5,81,184,94.5,87,74,63,117.5,76,114,124.5,89.5,75.5,42,34,39,155.5,62,80.5,270.5,58.5,37,35,61.5,56.5,254.5,169.5,68.5
2004,12,172,239.5,100.5,63.5,195.5,71.5,65.5,65.5,62,31.5,74,75.5,79.5,87.5,193,214,238,210.5,79,62,101,156.5,102,70.5,118,105.5,88,79,70.5,168,288.5,211,112,111,112.5,163.5,82.5,120,190,134.5,103,112,114,100.5,162.5,154.5,70
2005,1,153.5,278,47.5,62,187.5,151,97.5,116,51,55,74,103.5,77,44.5,166.5,322,264.5,385,41.5,85.5,14,36.5,10.5,11.5,125,38.5,19,10.5,26,14,156.5,124,9.5,12,68,10.5,10,25,22,47,39,64,48,29.5,68,59.5,69.5
2005,2,120.5,184.5,54,56,96.5,65,74.5,46,51.5,28.5,42,53.5,48,55.5,122.5,263.5,199,208.5,41.5,40,83,81.5,67.5,65,101,55,45,37.5,56.5,57.5,237.5,100,76.5,77,104,83,60.5,90.5,126,91,99.5,113,99.5,110,179,250,172
2005,3,124,181,68,59,124,77,85,99,70.5,50.5,54,81,71,96.5,141.5,247,179.5,192,63.5,55,153,212,131.5,69,102.5,84,75,82,63.5,66.5,175,144.5,56,118,143,47,59.5,96.5,141.5,93,145.5,133,128,53,61,143.5,169.5
2005,4,55,68.5,67,34,67.5,39,34.5,61.5,85,39.5,70,95,81,103.5,53,66.5,77,61.5,52.5,14,57.5,106,57,54.5,41,33.5,47,31.5,49.5,59,42,41.5,32,59,75.5,34,28.5,53.5,95,36,78.5,131,92,23.5,67,49,98.5
2005,5,62,51,117,71.5,84,50.5,61,65,142,40,111,97,180.5,121,49.5,72.5,126,93,39.5,28.5,145,115.5,111.5,93,103,94.5,73.5,51.5,64,66.5,69.5,54.5,50,108.5,117.5,46,27.5,97,256,62.5,162.5,144,135,82,163,228.5,175.5
2005,6,51,38,98.5,91.5,112.5,69.5,64,50,45.5,75.5,131,168.5,170.5,179.5,169.5,182,147.5,109,88.5,79.5,90,146,57.5,71,72.5,73,69.5,66,88.5,70,87,26,24,74.5,54.5,41.5,22,25,74,15,63,54.5,92.5,42,248.5,216,860.5
2005,7,119,129.5,273,237.5,189.5,123,117,210,322,367.5,216,180,247.5,197,103.5,311,295,348,175.5,148.5,276,364.5,138.5,140,274,198.5,196,164,157,171.5,231.5,333.5,214.5,413,477,140.5,215.5,460.5,248.5,301,350.5,309.5,365,367.5,315,313.5,6.5
2005,8,114,94,176.5,182,172.5,232.5,249,219.5,222,257,262,253,189.5,238.5,193,266.5,182,197,84,167.5,207,273.5,84.5,31,142,102,79,64.5,39,56.5,94,73,55.5,80,49.5,85,36,43.5,203.5,73.5,79,186.5,73,109.5,183,155.5,112
2005,9,126,126.5,183,72,93,70.5,127.5,39,120.5,93,169,56,177.5,153,76.5,190,103,121.5,85,88,126.5,125,69.5,217,108.5,91.5,97.5,56.5,123.5,100,122.5,116.5,91,194,310.5,313.5,144.5,84,355,115,170.5,100.5,147,415.5,698.5,238.5,64
2005,10,72,113.5,80,63.5,242.5,83.5,40.5,172.5,148.5,71,156,183.5,201.5,167.5,212.5,207,186,131,115,39,92,206,92.5,147.5,137.5,107.5,145,77.5,185,255.5,163.5,117.5,80.5,73.5,38,126,88,111.5,102,18.5,15.5,24,41,57.5,149,112,60
2005,11,150.5,207.5,113,33,226,79.5,41,59,68.5,32,24,40,34.5,50,231,174.5,198.5,200.5,26,34.5,108.5,41,47,24.5,42.5,37,31.5,24.5,27.5,60,232,147,36.5,78,115.5,59.5,45.5,64,108.5,109,119,54.5,72.5,129,70.5,132,48
2005,12,89,154.5,99,66.5,225.5,155,76.5,9.5,6,4.5,3,3.5,3.5,4.5,294,474,587,684,5.5,88,98.5,0,33,4,174,39.5,31,21,31,9,392,195,6.5,35,60,12,34.5,28,13.5,58.5,34,58.5,31,0,17,90,111.5
2006,1,132,155,25,15.5,81,50,33.5,57,27,18.5,48,107,67,78,84.5,207,178.5,169.5,25,57.5,75,82.5,49.5,43.5,94.5,40.5,32.5,24,36.5,37.5,165,107.5,36.5,36,45,70,46.5,38,81.5,46,38.5,59.5,61,56,118.5,110,191.5
2006,2,89,108,60,62.5,121,72,70,79.5,72.5,62,91,112,113,129.5,92,152.5,162,142.5,119,55,118,206.5,124.5,144,120,99.5,102,100,106.5,135,159.5,126.5,64,81.5,100,133,62,74,277,93,106.5,127,117.5,125.5,123.5,168.5,101.5
2006,3,116.5,48,109,70.5,119,104.5,80,65,52,34,53,81.5,79.5,100.5,157.5,240.5,217,241,63,79.5,128,128,117.5,82.5,162.5,120,114,125,94,111,188,175,81.5,103.5,99,104.5,72.5,87.5,106,102,83,94.5,101.5,73,110.5,147,113
2006,4,95,62,119,76,134.5,64.5,56.5,81,86.5,55,123,113.5,123,145.5,82,187.5,192,119.5,68.5,65.5,174,220,104.5,131.5,121.5,135,143,117,109,162,91.5,124.5,113,270.5,236,255.5,93.5,148.5,406,199.5,345,278,215.5,158.5,223,200,305
2006,5,45,56,111,102,112.5,47.5,62,117.5,112.5,74,141,100.5,99,154,132,175.5,160,171,50,79.5,289.5,264,205,183.5,131.5,160.5,146,252,129,122,100.5,188,91,333.5,283,142,128,160.5,637.5,183.5,338,389.5,213.5,172.5,239,227,333.5
2006,6,77,55,75,154.5,75.5,57.5,120,161.5,212,140,135,124.5,138.5,128,70,82,58.5,32,94,57,185.5,297,221,122,144.5,183,169.5,182,199,188,75,145,243,295,509,152.5,175.5,287.5,344,320,332,368,642,320.5,457,443,333.5
2006,7,106.5,109,147.5,324.5,230,271,308,334.5,345,376,179,115.5,165,163,466,565.5,503.5,637,192,298,379,228,275,210,435,379,305,306.5,300.5,218.5,340,562,285,311.5,420,156.5,249,271.5,474.5,405.5,376,482.5,789,428.5,540.5,433,114
2006,8,36.5,82,55.5,40.5,79.5,163,69,46,93,136.5,145,168.5,126,184.5,78,113,48,45,96.5,14,51,184.5,89,16.5,11,84,44.5,70,22,85.5,14.5,22.5,57.5,150,194.5,118,91,72.5,157.5,256,224,447,427.5,320,276.5,209.5,142
2006,9,57.5,94.5,87,215,63,162.5,207,162.5,168,169.5,209,158.5,175.5,174,92,227.5,255,244.5,131,176,220.5,186,167,142.5,156.5,108.5,87,102.5,108.5,124,182,98.5,124,227.5,176,117.5,102,96,550.5,236.5,221.5,100.5,93.5,134,77.5,114,135.5
2006,10,90.5,229.5,146.5,305,117.5,261,266.5,240,278,204.5,288,335,318,271.5,181.5,164.5,136.5,79.5,106.5,137.5,118.5,119,89,136.5,83,91.5,73,50,71.5,62,124,94.5,42,29,5.5,76,51,38.5,31,28,28,25.5,11,15,12.5,19,39
2006,11,182,185.5,136,143,198.5,124,116,128.5,96.5,94.5,101,109.5,135,141.5,253,232,258,151,82.5,54.5,69.5,79,59,55,84.5,71.5,80.5,61.5,71.5,85,90,138.5,62,67.5,93,114.5,61.5,118,82,107,114.5,114.5,81,131,102,88.5,116.5
2006,12,118,238,71,90.5,145,148.5,101,198.5,152.5,114.5,190,200,200.5,186,326,235.5,278,218.5,83.5,81.5,87,92.5,110.5,118,117,109.5,102.5,89,116,90,95,103,54.5,54,63.5,55,79.5,76.5,65,41,24.5,48.5,47.5,55,155,121,143
2007,1,112,164.5,62,51,115,99,40.5,46.5,36,21.5,38,42.5,42,51,104.5,120,125.5,134,34,37,41,51,36.5,31.5,53,22.5,19.5,21,26.5,9,137,132.5,24.5,22,29,5,27.5,26,15.5,47.5,25.5,31,33.5,12,28.5,65.5,184.5
2007,2,111.5,64.5,63.5,35.5,55,66.5,36,47,21.5,9.5,43,77,57,64.5,72,147,134.5,134.5,32,35.5,87.5,87,62,62,104,71.5,42,40.5,57.5,35.5,135.5,86,54,71,80,36.5,37,60,143.5,61.5,48.5,105.5,76,50,72,102.5,67.5
2007,3,91,76.5,99,39,129,60,24.5,66,36.5,25,42,52,77,75.5,131.5,168.5,176,187.5,35,70,99.5,240,86.5,27.5,110,81,79,81,50,48,102.5,107,46.5,98,100.5,28,43,55.5,116,81.5,113,113.5,104.5,58.5,104.5,133.5,116.5
2007,4,57.5,89,96,59,86,67.5,49.5,87,112.5,65.5,114,121,134,125.5,83.5,50.5,65,66.5,52.5,28,13,126,29.5,34,34,17.5,41,25,42,36,64,49.5,24.5,91,75.5,38,41.5,56,71,74.5,83,116.5,108.5,102.5,152.5,154.5,225
2007,5,87,64,114,113.5,95,76.5,129,141.5,139.5,115,119,130.5,115.5,178.5,56,141.5,120,136.5,70,85.5,154.5,221,128,125,125,156,163,183.5,145.5,146,106.5,85.5,108,198.5,174,78,79.5,87,147,64.5,132,185.5,141,93,173.5,221.5,101.5
2007,6,38,60,124.5,159,111.5,182,183,135.5,115,98,55,66,80,70,229,196,228,242,72.5,141,257,206.5,210,199,234,159,119.5,165.5,112.5,119.5,157,188,106,69.5,77.5,90.5,75,68.5,84.5,40.5,123,101,184,72.5,352,482.5,472
2007,7,45,33,114,303,107.5,134.5,309.5,238,259,352.5,256,220,253,357.5,135,117,105.5,185.5,286,70,429.5,503.5,339.5,291,328,250,206,155.5,254.5,219.5,252.5,308.5,218,235.5,334,296.5,244.5,389,705.5,381,593.5,350,674.5,598,779,766.5,229
2007,8,65.5,63,172,135,121.5,130,161,68,151.5,100.5,52,8,9.5,26,286.5,122.5,230,157,61.5,129.5,63,58,60,100.5,101.5,119,62,44.5,94,41,206.5,205,25,53,201.5,44.5,18,32.5,111,178.5,213.5,100.5,175.5,181,312.5,216.5,594
2007,9,193.5,175.5,303.5,190.5,240,163,141.5,223.5,226.5,369.5,288,227,319.5,249.5,54,126,91,84.5,234.5,85.5,261.5,335.5,119,248.5,83.5,128.5,58.5,30,95.5,59,74,91.5,55.5,57,70.5,76,60.5,68.5,273,72,95.5,83,80.5,94,304.5,62.5,440.5
2007,10,66.5,61,68,160.5,165.5,92,118,181.5,135,113,120,142,135.5,156,136,147,100.5,134,105,116,87,123,90.5,87.5,81,92,72,79.5,103,107.5,128,119,28,56,43.5,89.5,57.5,112,106.5,88,103.5,160.5,134.5,75.5,39,22.5,78
2007,11,75,317,81,44,154,78,36,46,27,7,39,33.5,37,41.5,149.5,159.5,158.5,175,13,25.5,20.5,10,18,23,101.5,23.5,13.5,15,21,20,74,35,13.5,15,26,16.5,16.5,12,13.5,13,12,27.5,31,34.5,65.5,93.5,104
2007,12,86,125,100.5,53.5,175,98.5,50.5,86.5,60.5,33.5,61,70.5,72,69,311,274,286,363,56.5,63.5,94,91,90,80.5,118,92,86.5,81,107.5,71.5,157,84.5,69.5,81,120,61.5,94.5,84.5,72,92.5,81.5,89.5,67,102.5,81,98.5,204
2008,1,111,115.5,31,10,77,73,23,18.5,16.5,12.5,12,24,17.5,17.5,116,130,133.5,174.5,14,27,28,39,26.5,34.5,83.5,47,51,38,54,57,215,150,65.5,75,118.5,59.5,79,97,110.5,70,65,144.5,136.5,103,70,68,70
2008,2,111,83.5,24.5,21.5,76.5,61.5,37.5,54,30,24,30,66,57,51.5,119.5,144.5,176.5,195.5,38,57,53.5,66.5,52,47,145.5,61,60.5,45,67.5,54,215,165.5,29.5,39,57,28,34.5,53.5,47.5,52,42,60.5,43.5,38,43,52,123
2008,3,32,17,53,40,67,41.5,55,63.5,79,50,65,127.5,119.5,165,52.5,117.5,143.5,152.5,50.5,42,127,228.5,152,121.5,124.5,123.5,95,89,102.5,112,174,149.5,108,138.5,200,187,127,112,211.5,162,156,111,90.5,99,129,106.5,245.5
2008,4,6,21,38,127.5,42.5,53.5,107.5,176.5,185.5,155,198.5,198,240,232,57,96,121.5,127,138.5,63,168,221,198.5,221.5,146,178,143.5,127.5,134.5,129,173,140.5,134,128,180.5,138.5,98,119,219,120,138.5,119,115.5,151,121.5,147,69
2008,5,65.5,50.5,71,149.5,93.5,45.5,106.5,164,190,188,197.5,236.5,255,307.5,74,108,120,162.5,138,89,215,250.5,211.5,238.5,190.5,198.5,218.5,173,213,237,145,124.5,152.5,190,186.5,198,150,170.5,463.5,163.5,196.5,214.5,209.5,148.5,253,278,118.5
2008,6,40,95,50,101.5,68,52.5,66.5,131,146,225,192,237,225.5,221,54,154.5,139,135,191.5,120,287.5,322.5,228.5,274,191,189.5,190.5,137.5,144.5,180,220.5,209.5,75,133,342,261.5,153,190.5,367.5,386,622.5,441,776,473.5,722.5,630.5,152.5
2008,7,63.5,125.5,176.5,73.5,130.5,193.5,68.5,27,32,169.5,85,18,48,40,101.5,240.5,90,137.5,73,63,102.5,128.5,33.5,72.5,101.5,98.5,123.5,64.5,91,54.5,129.5,39.5,51.5,41,64,114.5,13.5,22.5,40.5,48,44.5,100,204,36.5,31,77,82.5
2008,8,56,164.5,242.5,444,184,244,309.5,183,516.5,279,439,186,387.5,191,201,262,179,146.5,159.5,177.5,218.5,291.5,339.5,154.5,73.5,87.5,82,67.5,162.5,70,166,104.5,68.5,113.5,194,162.5,51,69.5,167.5,419,295,126,226.5,122.5,494,250.5,139.5
2008,9,30.5,38.5,82.5,95.5,59.5,61,81,126,169,171,107,240.5,158.5,286.5,93.5,185,138,147,151.5,75.5,220.5,146,171,320.5,153,207,130.5,136,163.5,122,103.5,63.5,123.5,120,189,98.5,172.5,209,176.5,174,115.5,280,294.5,263,553.5,427.5,267.5
2008,10,99.5,74.5,97,191,105,84.5,94,122,114,63.5,88.5,160.5,204.5,246,217,137,168,126,55,30,124.5,136,101.5,123.5,108,123,62,63.5,71.5,90.5,43.5,48,79.5,50,21.5,104.5,98,117.5,291,16.5,25,27.5,62,110.5,217.5,117,214.5
2008,11,86,117.5,92,60,190.5,134.5,72,64.5,75,53,61,72,74,80.5,280,240.5,231,235.5,38,42.5,52,59,41,77.5,74,66.5,50,56,54.5,91,160,127.5,50,62.5,81,74,79,92.5,111,91,41.5,111,88.5,81.5,126,146,119
2008,12,142,182,62.5,35,162,113,61.5,51,43,34.5,62.5,73,70.5,80.5,164,245,219,225,48,68,35.5,66.5,24,17.5,83,50.5,55.5,43.5,41.5,50,155,155,14,58,57,19,31,61.5,24.5,78.5,83.5,105,106,28.5,35.5,45.5,19.5
2009,1,103,127.5,74.5,96.5,182,89.5,104,104.5,108,67,120.5,117.5,142,150,216.5,233.5,278,302,88,55,98,129,109.5,141,132,89.5,73,53.5,91,103.5,320.5,243,38,33.5,96,52.5,64,65,78.5,62.5,35.5,56.5,54.5,68.5,96.5,65.5,32.5
2009,2,143,135.5,82,37.5,133.5,65.5,39.5,56,44.5,9,28.5,41.5,46.5,68.5,124.5,101,128.5,124.5,69.5,52.5,106.5,154.5,74,74,102.5,128,95,121,84,82,123.5,101,109,120.5,108,89,87,107,176,86,87,156,133.5,80,167.5,188,37
2009,3,79,77,116.5,41.5,118.5,44.5,41,105.5,84,54,62.5,85,98.5,104,140,139,160,200,68.5,75,174.5,301,115,103,106.5,113,147.5,119,121.5,118.5,105.5,91,58.5,91,130.5,62.5,55.5,88.5,240,46,112.5,181,144.5,57,220,245.5,165.5
2009,4,58,113.5,105.5,180.5,110,88.5,141,176,191.5,93,110.5,107,162.5,163,78,94.5,113.5,107,78,81.5,161.5,176,125.5,118.5,92,87.5,98.5,70,109.5,98,98,127,76.5,84.5,166,59,44.5,54.5,126,99.5,121.5,102.5,80,61.5,147.5,159.5,132.5
2009,5,42.5,48.5,43.5,80.5,76,19.5,14,98,93.5,66,150,156,242,256,50.5,80,94,93,128,51.5,157.5,219.5,188,174,102,107,78.5,70.5,72.5,48,56,47.5,30,48.5,76,66,58.5,37,48.5,45.5,68,101.5,69,37,96,76.5,185
2009,6,50,76,71,128,113,85.5,82.5,120,129,120.5,164.5,195.5,226,218,68,101,136,130.5,74.5,92.5,257.5,255.5,240,165,149.5,134,121.5,129,117.5,159.5,154.5,218,73.5,233,212,126,64,168.5,244,219,305,305,246,342.5,250,289,402
2009,7,187.5,258.5,295.5,130.5,327.5,206,106.5,68.5,212,159.5,159,99,78.5,112.5,255,375.5,447,197.5,122.5,164.5,303,395,254,182,202.5,309,162,213.5,198,143,239,318,259,512,758,142.5,190,329.5,291.5,619.5,537.5,414.5,429,229,95,130,62
2009,8,63,118,128.5,199.5,107.5,97.5,211.5,213.5,137,152.5,125,249,242,226,142,192,126,215,77.5,101,171.5,183.5,128,87,87,106.5,41.5,100,107.5,75,105,45,159,60,121.5,383.5,149,139,228,94,113,74,66.5,107.5,307.5,22.5,98
2009,9,35.5,109,54,12,73,29,9,8.5,33.5,20.5,15,46,53,41.5,66,105.5,69.5,72,43,33,67.5,87,51.5,25,58,53.5,51,31.5,36.5,58.5,70.5,56.5,56.5,43,32.5,94.5,28.5,82,76,83.5,45,51,34,43.5,205.5,36,23
2009,10,125,151,118.5,186.5,198,101,140,227.5,183,134,234,288.5,276.5,297,172.5,145.5,180.5,132.5,130.5,117.5,163.5,196.5,211.5,256,148,131,120,112.5,173.5,180,137,89,57,57,69,205.5,106,69,158,105,132.5,150,129.5,141.5,198,77,356
2009,11,154,116,113,134.5,168.5,98,119.5,187.5,125,73.5,90,152.5,151.5,180,169,333.5,224,162,102.5,89,159,188,200.5,146.5,153,156.5,130.5,148,127.5,390,292.5,180.5,127,164.5,186.5,264.5,116.5,131,349,181.5,112.5,140.5,112,103,377.5,193.5,145.5
2009,12,106.5,129,72,76,121.5,77.5,71,95.5,53,36.5,51.5,99,82.5,77.5,310.5,323,335,331,40.5,62,84,65,58,52,69,42,46,29,48,59.5,149.5,98.5,30,39,60.5,55,23,31.5,47,50,34.5,68.5,67,23.5,58,47,225.5
2010,1,112,175.5,76,4,164.5,55.5,14.5,6,1.5,0,5.5,14,9,12,184,308.5,305,317,10.5,36.5,57,45,11.5,12.5,96.5,33,46,43,42,38,151,103.5,12,21.5,45.5,15.5,17,41.5,30,50.5,64,61.5,47.5,11,45.5,100.5,90
2010,2,59.5,77.5,21,24.5,84,46.5,37,98.5,68.5,54.5,77.5,113,115,138,204,338.5,210,215.5,70,89,169.5,232.5,137,101.5,138,140,132,135,122.5,104.5,131.5,137.5,71,108.5,114,69,77,106,192.5,70,83,119,192,98.5,148,209,276.5
2010,3,79.5,111,104.5,89.5,126,69.5,85,115,123,117.5,110,152.5,143.5,211,150.5,230,222,219,149,74.5,190.5,381.5,211,162.5,153,166.5,153.5,177.5,169,180.5,184,188,141,182.5,237,150.5,143,198.5,246.5,155,161,160.5,176.5,133,252.5,286.5,41.5
2010,4,67.5,57.5,74,163.5,150.5,77,162.5,230.5,205.5,123,145,184.5,214,234,110.5,216,221,200,141.5,74.5,275,386,183.5,230,169,191.5,143,159,144,126.5,150,163,147,236,273,189.5,102.5,191.5,491,199.5,240.5,211,225.5,235.5,335,233,219
2010,5,44.5,100.5,131.5,182,149,79.5,139.5,125,186.5,127,86,81.5,114,102.5,136.5,121,153.5,152.5,115.5,60,281.5,188,167,209.5,113,203,162,177.5,163,130.5,153.5,151.5,155.5,212.5,194,117,90,140.5,395.5,105,213,231.5,284.5,146.5,233,215,574.5
2010,6,73,107,188,146.5,158.5,220.5,192,160,179.5,214,133.5,93.5,108,141,148.5,238.5,240.5,144.5,111,96,325.5,285,259,174,180.5,227,222.5,327,201,178.5,150.5,100.5,141.5,269,384.5,261,178,178,502,203,315.5,364,401,251.5,778.5,825,220.5
2010,7,143.5,177.5,217,134,189.5,185,192,106.5,237.5,226.5,76.5,62.5,70,110,109.5,167,223.5,203,138.5,167,385.5,270,208.5,167.5,353.5,425,221.5,312,260.5,340,139.5,286,164.5,316,461.5,252,84.5,268,444.5,453.5,424,214,362,192.5,295,466.5,348.5
2010,8,213.5,149,249.5,37.5,191,134.5,53,11,112,125,26,24.5,27,56.5,54.5,121.5,55,93,79.5,139.5,115.5,96.5,63.5,60,84,175,37.5,39.5,58,28.5,28,68.5,66.5,5.5,57,27,28.5,4.5,115.5,69.5,93.5,110.5,58,22.5,225.5,191.5,281.5
2010,9,92,138,172,248,168.5,231.5,307,296,258.5,195,277.5,386,428,374,334.5,259,297,326.5,172,126,261,390.5,190.5,202,208,219,161,91,153.5,75,158.5,123.5,143.5,65,102,106,61,96.5,128,138.5,128.5,140,118,66.5,85,124,193
2010,10,130.5,97.5,76,124.5,134.5,61,122,189,159,160.5,177.5,194.5,211,208.5,134,175,226,196,185.5,75.5,177.5,283.5,179.5,196,181,160,172,105.5,158.5,214,184.5,170,99,62,73,180.5,124.5,79,314.5,78.5,60,108.5,85,82.5,269.5,96.5,368
2010,11,194.5,156.5,74.5,40,186.5,69.5,72,75.5,74,60,85.5,107,94.5,96,196,264,281.5,196,68.5,44.5,61,93.5,43,36,35.5,15,32.5,18,24.5,32.5,153.5,95.5,20,26.5,18.5,20.5,23,43,62,58,29,31,29,14,54,44.5,194
2010,12,115,222.5,250,250,188,188.5,142,117.5,112.5,87.5,136,111.5,145.5,172,309.5,347.5,423.5,454,78.5,75,141,194,76,72,146,106,84.5,48,91,129.5,246,269.5,54.5,81,123.5,117.5,59,94,171,148,129,146,93.5,44,89.5,150,88.5
2011,1,120,209,20,8.5,96,85,24.5,9,2,0,0,5.5,3.5,0,168,346.5,312,445,0,48.5,25,0,9.5,0,92,10,0.5,3,1.5,5,252,183,0.5,3.5,31.5,0.5,1.5,5.5,0,106,17,8.5,2.5,1,3,8.5,97
2011,2,69.5,38.5,28.5,52,79,52,57,89,75,35.5,82.5,133,151,138.5,100,139.5,109,111.5,74.5,50.5,106.5,186,114,67.5,108,80.5,113.5,79,100.5,64.5,102,109,42.5,73,111.5,58,58.5,54.5,80,48,45,35.5,39.5,33,54.5,84.5,121.5
2011,3,60.5,90.5,21.5,43.5,84.5,72,40,81,56.5,34,67.5,74,74,86.5,103,153.5,126,146.5,43.5,43.5,34.5,68.5,43,45,98.5,60,75.5,53,76.5,48.5,147,114,26,43.5,48,33,45.5,48,37.5,60,61,61,50.5,26,32.5,33,40
2011,4,69.5,99,146.5,55,152.5,39.5,68,128,88.5,29,44.5,53,96,77,118.5,171,132.5,145,40,93.5,131,174.5,111.5,44,122,107,92,112,103.5,91.5,101,105.5,61,90,91.5,64,50.5,62,180,37.5,63,81,67,16.5,21,41,90
2011,5,56.5,76.5,137.5,222.5,190,102.5,85,185,182.5,190.5,287.5,197.5,213.5,251.5,96.5,241.5,280,365.5,301,182.5,349,336.5,330.5,259,347,415,307.5,280,292.5,340,366.5,375.5,303,337,411.5,342.5,301,299,360,277.5,272,211.5,125.5,197,293.5,247,299.5
2011,6,43,92,190,135,226,169,75,103,150.5,45,113,135,116.5,199,191,173.5,142,73.5,76.5,71,200,269.5,171,273,146.5,145.5,200.5,182,236,281,174,141,121.5,201,296.5,298,179,284.5,420.5,409,441,788.5,928.5,557.5,744,732,223.5
2011,7,129,52,79.5,96.5,91,144,148.5,252.5,362.5,196.5,93,28,54.5,71,332,209.5,128,199,192,84,230.5,229.5,262,183.5,103.5,137.5,145,162.5,139.5,226.5,114.5,238.5,185,161.5,188.5,318.5,217,172,381,172,295.5,162.5,253,155,233,174.5,111
2011,8,109,112,157.5,51,125,30,106.5,128,169.5,209.5,229.5,143,244,165,51,247,191.5,251,175.5,119.5,117.5,341.5,116,91.5,54.5,62,189,74.5,49.5,56.5,149.5,75,77,106.5,245.5,42,108,76.5,66,322,365.5,335.5,384.5,158.5,191,184.5,471.5
2011,9,257.5,345,269,362.5,366,252.5,325.5,263.5,298.5,450,244.5,153,235,212.5,250,276,376,312,358.5,135.5,305.5,389,388.5,571,384,345,242,425,289.5,311.5,462,282,455,187.5,169,1008,451.5,381.5,651.5,85.5,56,118,75.5,462,536,278,71.5
2011,10,146,96.5,98,107,117,70.5,95,165.5,129.5,63,110.5,193.5,119.5,149,117,130,89,115.5,83.5,53.5,148,197,133,137.5,158.5,205.5,146.5,162.5,97.5,197,94,74.5,64,164,120,262,116,120.5,206.5,127,194,124,107,155.5,290,119.5,212
2011,11,86,148.5,35,35,156,55,37,63.5,87,53,52.5,90,112.5,155.5,137,280,217,171.5,50,65.5,90.5,284,82.5,54.5,77.5,73,90,85.5,72,97,93.5,63.5,62.5,92,111.5,106.5,50,93,254,166.5,171.5,214,88.5,136.5,128.5,110.5,314
2011,12,107,211,46,45.5,151,72.5,29.5,30.5,17.5,34,56.5,53,59.5,51.5,194,300.5,364,334,28.5,11,41,22,24,25,108.5,9.5,12,5.5,14.5,31.5,319.5,214,18.5,42.5,66,29.5,25.5,36,49,38,24,29,32.5,61,63,50,70.5
2012,1,71.5,143,24,22.5,67.5,68.5,43.5,27.5,22,26,49.5,47,50,24.5,112,285.5,252.5,280.5,16,34.5,29,43,35,39.5,106,31,34,27.5,40,34,299.5,171.5,15,12.5,22.5,50,22,26,31.5,29.5,19,24,25.5,28,53,52.5,119
2012,2,57,114.5,47.5,44,65.5,79,54,72,70.5,36.5,70.5,103.5,94,129,179,226.5,189,208.5,89.5,39,115,248,109.5,100.5,134.5,115,96.5,76.5,109,99,265.5,96,68.5,97.5,124,78.5,85.5,115,156.5,155,129,136,129,147,156,145.5,109.5
2012,3,44.5,101.5,107.5,123.5,185,100,147.5,165.5,145,86.5,111,134,144.5,217,182,214.5,214.5,208,133.5,107.5,202.5,290,147.5,147,159,142,152,108,180.5,139,229.5,172,117,128.5,143,88.5,93.5,125.5,199,125,150.5,187.5,200,101.5,182,188,81
2012,4,34.5,70,109.5,57,113,54,43.5,98,107,82,107,111,118.5,202,94,107,112,80.5,74.5,44.5,222,225,144,138.5,126.5,118,92.5,130,87.5,62,83,78.5,63.5,154.5,187,83.5,63.5,82.5,295.5,74.5,142,144,99,129,228.5,296,356.5
2012,5,83.5,58.5,90.5,224,106.5,124.5,142.5,346.5,316.5,162.5,195,169,231,237.5,130,97,107,100.5,39.5,38,69.5,235,55.5,71.5,70,44.5,25,25,37.5,38,101.5,64.5,45,49.5,74,64,37,38.5,89.5,43.5,49.5,52.5,59,92.5,129,83.5,229.5
2012,6,51.5,21,42.5,207,34.5,55,138.5,183.5,166.5,158.5,160,192.5,185,233.5,37.5,101,112.5,125.5,168,75,260.5,321.5,200,284.5,220,236.5,291,204.5,257.5,340.5,123.5,109,215,196.5,212,389,188,280,734,288.5,391.5,637,698.5,630.5,955,858,372
2012,7,81.5,243,135,164,207.5,84,147.5,113,161,166.5,82.5,94,130,146,163.5,218,228,282.5,88,220,304.5,196,224,199.5,248,333.5,193.5,231,156.5,168.5,116,155,205.5,359.5,377.5,127.5,165.5,199.5,260,464,649,222.5,488.5,516.5,395,418,96
2012,8,121,47.5,52.5,24.5,79,91,17,44.5,176.5,31.5,31,108,25,18,28,102,135.5,76.5,78.5,152.5,110.5,173,142.5,97.5,107.5,112,141,33.5,170,32.5,119.5,147,47,122,126,138,40.5,91,344.5,188.5,147,118.5,142.5,191,358.5,338,674
2012,9,191,76,89.5,130,159,124,175,181.5,223.5,201,187,143.5,214.5,342,224,161,310.5,347,143,104.5,257,287.5,233.5,346,173,140.5,202,143.5,289,302,261,197.5,120,70,125,314.5,165.5,100.5,533.5,129,61.5,212.5,111,234,434,248.5,271.5
2012,10,115,115,100.5,82.5,191.5,58.5,62,132,135,68,65.5,268,154.5,167,193,158,211,183,59,37.5,77,104,102.5,98,82.5,88,79,88,93,198,177,83.5,64.5,83.5,67.5,177,54,98,91,47.5,53.5,108.5,97,72.5,96,35.5,96.5
2012,11,219,205,137,58,364.5,68.5,46,61,86,38.5,69.5,168.5,154,179,283.5,247,433.5,284.5,59.5,45.5,101,219,78,98.5,158,120,122.5,102.5,90,116.5,187,144.5,68.5,120,109.5,64,45.5,90,136.5,125,132.5,168,70.5,57,111.5,122.5,214.5
2012,12,209,100.5,93.5,42.5,169,84.5,53.5,60.5,58.5,16.5,46.5,75,69,102,183.5,405,369.5,315.5,54.5,57,123,146.5,95.5,93,152.5,81,90.5,84.5,87,107,318,142.5,76.5,84,124.5,64.5,60,122.5,113.5,98.5,74,124.5,89,64,93,109,113
2013,1,101.5,127,61.5,37,138,76.5,59.5,44,32.5,27,41.5,77,70,73.5,148.5,256,243.5,256,37,48.5,72.5,80.5,51.5,48,111.5,41,38.5,29.5,46.5,39,142,102.5,35.5,43.5,63.5,51,48,48,39,57.5,24.5,37.5,45,49.5,73.5,70,100
2013,2,117,147.5,41,18.5,92.5,72,36.5,39,20,22.5,18.5,46.5,30,56.5,93.5,158.5,152,163,44.5,46.5,89,120,68.5,57,125.5,96,92.5,76.5,99,101,119.5,77,46,93.5,107,61.5,58.5,98,132.5,81.5,160.5,148.5,166.5,69.5,155,199.5,75
2013,3,108,73,70.5,3,75,27,2,67,15,7.5,38,35.5,44.5,26.5,93.5,85.5,110,79.5,30,19.5,35,101.5,54,53.5,58,65.5,92,48.5,114.5,100.5,57,69.5,66,90,89,31,60,100,82.5,56.5,81,91.5,110,44.5,49.5,80.5,140.5
2013,4,115,119,100,118.5,131.5,43,88.5,139.5,203.5,120,181,138,283,281,142,143.5,209,158.5,108,75,202.5,269,130.5,160,105,109.5,108,87,108.5,65,80.5,154,58,100.5,153.5,148,52.5,70,243,108,146.5,148.5,164,100.5,204,120.5,202.5
2013,5,61.5,36.5,47.5,27.5,73.5,53,33.5,100.5,92,31,52,72.5,56,75.5,50,46.5,92,76.5,16,33,150.5,181,63.5,75.5,56,38,44,67,41,28.5,39.5,51.5,22,125.5,143.5,40,11,53.5,177.5,37,122,126,53.5,20,67,54.5,602.5
2013,6,62,9,50.5,92,19,70,76,118.5,176,109.5,108,168.5,159,183,93.5,251,151,147.5,89.5,126.5,139.5,163.5,148.5,227.5,126.5,173.5,266,233.5,261,210.5,105.5,178,315,329.5,357,195.5,332,318,306.5,268.5,305,224,308,339.5,698,426,105
2013,7,54.5,144,461,257.5,543,386,285.5,138.5,246.5,88.5,111,45,115.5,80,413,341,360.5,409,33,99,264,128,186.5,55,190.5,140,50,43.5,70.5,50.5,129,262,158.5,175.5,508,117,84,150,113.5,134,141,10.5,118.5,99,57.5,16.5,4.5
2013,8,183.5,308,225,88.5,236,125,103.5,105,161.5,183.5,80.5,43.5,99,79.5,264.5,404,300,233.5,39,234.5,178,89.5,136,80,87.5,102,128,128,197,53,264,248.5,108.5,238,325,105.5,142.5,118.5,85.5,501.5,486.5,198.5,571,87.5,77,93,212
2013,9,173,238.5,202.5,210.5,257,95.5,174.5,203.5,226,178,241,226,231.5,192,165,287.5,413.5,359,205.5,221,334,227,280,248,245,358,258.5,268,248.5,346.5,394.5,262,222.5,224.5,173.5,695.5,361,219.5,377.5,133,135,160,199,262,216,343.5,178
2013,10,131,204.5,252.5,179.5,271,179.5,257,330,247.5,200.5,332,518.5,440,394,176,291,324,212,266.5,148,252.5,298,236,306.5,175.5,217.5,210.5,187.5,204.5,255.5,320,280.5,192,295,203,337,242.5,319.5,579.5,227.5,239,249.5,109,370,356,154,200
2013,11,116,136,82.5,14,342.5,85,15,18,31.5,8,27.5,25,26,21,416,309.5,598.5,315.5,32,29.5,91,104.5,51,34.5,57,50,80.5,65,73.5,49.5,171,148,53.5,58.5,79,58,62,64,94.5,119.5,112.5,210.5,80,10.5,35,114.5,121
2013,12,124,121,48.5,65,194,134.5,70.5,34.5,52.5,22.5,56.5,50.5,59.5,54,271.5,288.5,364,315.5,38,56.5,67,59.5,57.5,48,154,59.5,49.5,63.5,41,70,225.5,201.5,63.5,46.5,65,109,83,63.5,95.5,77,58.5,78.5,50.5,53,91,105,130
2014,1,111.5,168,65,18,143,67.5,16,24,9,4,11,44,24.5,38.5,129.5,195.5,155,144,20,32.5,48,66.5,38.5,34.5,73.5,42.5,52,29.5,59.5,54,187,209.5,22.5,45,86.5,26,41,33.5,38.5,57.5,46.5,30,36,23.5,22.5,59.5,66
2014,2,89,88.5,46,78.5,93.5,100.5,133.5,189.5,97,158,111.5,148.5,157.5,127.5,73.5,120,95.5,63.5,142,79,112.5,205,132.5,71,63.5,55,55,40,50.5,74.5,113.5,108,46,42,100.5,106,63.5,54.5,132.5,83,104.5,106,120.5,174.5,213,155.5,227
2014,3,64,145.5,136.5,162.5,150,154.5,157.5,91,113,41.5,80,106,113.5,128,151.5,269,296.5,249.5,110.5,84.5,162.5,368.5,153,96.5,158,147.5,153,162,150,142,183.5,187,93,159.5,162.5,88,71.5,138.5,259,102.5,137.5,154.5,130,66,126,189,185
2014,4,24,14,72.5,69,20,34,73.5,152,135.5,28,87,101,155,154.5,48,90,88,108.5,61,30.5,100,209,128,147,62,84.5,72.5,72.5,59,76.5,76,82.5,53,79.5,92.5,139,55.5,89,214,61,81,114,69,113,197.5,114.5,100.5
2014,5,60,46,59.5,83.5,120,74.5,69.5,144.5,74.5,91.5,70.5,104.5,135.5,127.5,90,67,91.5,102.5,39.5,63,144,175,154.5,98.5,73.5,78,81,85,76.5,71.5,77,68,77,114.5,170,67,57.5,95.5,202,94,163.5,113.5,135,85,223.5,225.5,354.5
2014,6,99,122,58.5,242,120.5,83.5,195.5,207.5,456.5,328,350,303.5,311,348.5,63,105.5,152.5,109,103.5,111.5,87.5,97,72,84,53.5,61,74.5,45.5,77.5,71,155.5,118.5,57.5,119,120.5,168.5,45,205,297,101,134.5,226.5,258.5,358.5,592,672,397.5
2014,7,76.5,107,184.5,123,126,168,196,140.5,194.5,147.5,143,90.5,105.5,68.5,314.5,183,116.5,220.5,74,68.5,122,160,106,153.5,102.5,98,79,69.5,134,104,118,155.5,149.5,283,364.5,111.5,80,178,195,373,479,417.5,358,130.5,298.5,363,494
2014,8,217.5,274,277.5,133,342,157.5,138.5,105,145.5,230.5,100.5,71.5,105,125.5,163.5,443.5,497.5,340.5,163,155,367,160.5,179,417,430,487,341,354,357.5,449.5,354.5,294.5,263.5,337.5,299,1065.5,433,268,1561,462.5,671,483,213,294,455,445,229
2014,9,146,70,90.5,112,108,27,31,55,164.5,70,71,60.5,155.5,88.5,103,107.5,80,78.5,86.5,35.5,132,232,195,100,89.5,65,94.5,127,86,89,70.5,51,60.5,117,72.5,163,64,33,319,107,170,159.5,107,58.5,264,294.5,95.5
2014,10,124,146.5,125,256.5,220.5,157.5,251.5,245.5,273.5,224,300.5,285,384.5,476,229,201,249.5,195,306,98,213,490.5,167.5,237,138.5,105,122,118,123,102.5,229.5,251.5,189,143.5,65,427,201,159.5,259,144.5,85,129.5,142,223,196,81,269
2014,11,64,63.5,67.5,70.5,99,85,53.5,55.5,58.5,57,74,85,98.5,90,174.5,211.5,196,195.5,34,51.5,116.5,87.5,96.5,111,66.5,60,74.5,53,69.5,71.5,128.5,128,81,63.5,83.5,48,60.5,74,72.5,106,113,61,62.5,55,105.5,132.5,49.5
2014,12,128,238.5,97,68,195,227,49.5,61,41.5,15.5,45.5,95.5,62,87,444,541.5,616,656.5,50,92.5,114,122.5,83,39,138.5,93.5,79.5,66,77.5,103.5,196.5,164.5,50,69,98.5,124.5,56,89,109,73.5,67,138.5,62.5,31.5,38,102,117
2015,1,143.5,133.5,25.5,41.5,69,67,56.5,75,55.5,24.5,50.5,91.5,92.5,106.5,114.5,264.5,223,329.5,64.5,76.5,98.5,173.5,116,105,196.5,120.5,93,83,94,95.5,285,173,69.5,95.5,139,80,75,91,123,83.5,86.5,119,99.5,100.5,123.5,156.5,22
2015,2,59.5,45,47.5,30,70,53.5,36.5,56,42,5.5,36.5,62,62,53,92.5,145,150.5,196.5,20.5,42,36,79.5,35,42.5,75.5,43.5,25.5,23,43.5,27,105.5,84.5,14.5,24,81.5,23.5,22.5,33,72.5,42.5,40.5,40,33.5,37,86,79,47
2015,3,125.5,56.5,129,184.5,103.5,112,100.5,95.5,79,40.5,61.5,103,94,113,117,184.5,172.5,201.5,69.5,59.5,164.5,146,139,157,136.5,159,174.5,145,179.5,174,147,111.5,100,106.5,96,153,95.5,174,254,94.5,137.5,182,186,110.5,120.5,105.5,95.5
2015,4,90,81,95.5,100.5,130.5,89.5,110,89,96,72.5,72.5,118.5,129,121,145,185.5,198.5,195,113.5,73,175,242,148.5,109,143.5,163.5,107,115,111,107,148.5,184.5,144,198,231.5,122,124,137.5,270,239.5,256,248.5,150.5,150,338.5,199,100
2015,5,37,69.5,61,45,65.5,40,50,112.5,90.5,20.5,56.5,72.5,88,69.5,63,85.5,120,90,46.5,71.5,132.5,212,98,48,100.5,128,104,100,99,77,84.5,65,74,101,189,54,70,120.5,185.5,120.5,150,168.5,131,118.5,115,234.5,197.5
2015,6,66.5,57.5,74,130.5,114.5,76,107.5,118,153.5,211,181,161.5,195.5,145.5,50,114,107.5,156,117,162,275.5,206.5,196,288.5,175.5,263,196,151,192.5,119.5,165,154,207.5,237.5,350.5,150,139.5,259,314.5,222.5,319,456.5,628,385.5,839.5,1300.5,38
2015,7,64,65,114,54.5,199,78,140,164.5,349,184.5,218.5,255,234.5,325.5,167,184.5,159,155,205,106,296,457,227.5,271.5,252,416.5,358,434,265.5,391.5,114,133.5,215,110,201,401,214.5,234,478.5,266,276.5,310,375.5,173,573,529.5,369
2015,8,131.5,72,134,219.5,146,101.5,165.5,44.5,101.5,281.5,122.5,105,103.5,118,114.5,165.5,123.5,114,126,144.5,388.5,204,296.5,462.5,159.5,241.5,185.5,136.5,175,118,131.5,106,101,215.5,285,290,141.5,193.5,325.5,319.5,309.5,412.5,246,144,274.5,385.5,278
2015,9,198,65,102.5,441,146.5,201.5,328.5,232,423.5,232,319.5,403.5,503.5,483,145.5,200,272,226.5,202,174,316.5,615,262,263.5,240.5,190.5,163,163,131,172.5,181,231,130,159.5,129.5,232.5,110,153,376,146,158,180,149.5,180,244.5,227,46.5
2015,10,98,76.5,103,8,155.5,30.5,9,31.5,49.5,16.5,29,62,57,54,106,88.5,77.5,100.5,24.5,29,79.5,109.5,64.5,26,45.5,38.5,40.5,38.5,49,34.5,39,56.5,34,94,100,11,23,51,54,83,100,59,64.5,28,19,48.5,63.5
2015,11,137,147.5,122.5,144.5,166.5,87,125.5,173,149.5,132.5,107.5,129,139.5,137,187,222.5,225.5,208,87,81,169,196.5,137,141.5,140.5,177,111.5,86.5,116,142,152.5,227,152.5,192.5,130.5,184,83.5,107,198,140.5,145.5,112.5,136.5,112,252,183,95
2015,12,124,134.5,85.5,45,124,90.5,54.5,35,61.5,10.5,41.5,52,82.5,110,165.5,300.5,335,327,38.5,38.5,135,163,83,64,118,101,90,102.5,56,79,196.5,179.5,91.5,107,127.5,284.5,110.5,133,315,109.5,104,103.5,91.5,138.5,207,215,73
2016,1,74,148.5,31.5,67.5,95,113.5,80.5,70.5,40.5,76.5,61,80,85,73.5,269,288.5,240.5,272.5,56.5,53,67.5,115,55,65.5,101,77,66.5,46.5,71.5,75.5,183.5,180,49.5,66.5,101.5,49.5,47,57.5,73.5,92,82,96.5,70.5,69.5,111.5,159,272.5
2016,2,109.5,77,66,17.5,209,35.5,22,26,34.5,13.5,41,60,57,101.5,130,214,281.5,193.5,50,41,90.5,157.5,64.5,48.5,84,99,81,106.5,88.5,135.5,167.5,167.5,51,95,113,100.5,45,93,219,98.5,75.5,77,74,59,102,115,157.5
2016,3,60.5,54,35.5,8.5,96,26,13.5,51.5,57,45,56.5,140,103,206.5,41.5,65.5,56.5,66.5,79.5,19.5,107,230.5,111,82.5,72,69,91,86.5,82,72.5,70,62,56.5,67,86,83,72.5,78,149,77.5,76.5,82,60,64.5,156,222,168.5
2016,4,58.5,93,124.5,180,149,100,158,108,135,74,101,91,120,154,120.5,162.5,201,178.5,93.5,108.5,256,361,200,223.5,151,180.5,127.5,108.5,142.5,155.5,112.5,146.5,146,274,362.5,125.5,84.5,160.5,313.5,196,246.5,208,178.5,135,240,302.5,350.5
2016,5,40.5,53.5,101,87.5,146,69,55.5,92,88,41,58.5,160,137.5,129,90,74.5,81.5,81,54,34.5,186,267.5,145,142.5,130,147.5,136.5,159,119.5,161.5,94,92,115,184,241,143.5,84.5,117.5,313.5,191.5,275.5,287.5,273,149,256.5,342.5,129.5
2016,6,112.5,72.5,141.5,157.5,113.5,98,107,103.5,111,188,97.5,134.5,174.5,175.5,73.5,148,200,152.5,66.5,103,271,267.5,218.5,305,237,284,325,309,242,236,160,166,403,509.5,426.5,230.5,348.5,394,492,394.5,578.5,620,643.5,579,607,774,319.5
2016,7,118.5,132.5,101,56,102,167,47,79.5,81,108,52,94.5,81.5,290,194.5,320.5,160,104.5,75.5,79,184.5,78,170,119,157,102.5,66,84,99,69,73,77,83.5,199.5,243,85,60,117.5,173.5,179.5,248,178.5,389.5,223,388.5,493.5,193
2016,8,279,251.5,304.5,226.5,261,321.5,327.5,394.5,431.5,330,397.5,250.5,414,220.5,85,121.5,207.5,148,231.5,76.5,108.5,88.5,120,240,108,148.5,161.5,74.5,143.5,64,149,140.5,140.5,90,197,88.5,89.5,22.5,109.5,128,83,34.5,62,2,55.5,77.5,209
2016,9,107,101,125.5,314,100,145.5,240.5,217.5,399.5,246.5,216.5,286,287,314,127,397.5,391,274,210.5,244,352,376,298.5,323,265,458.5,183.5,187.5,256.5,266.5,326,293,284.5,307.5,305,510,285.5,301,579.5,608.5,531.5,311,336.5,574.5,670.5,340.5,342
2016,10,78,147,180.5,26.5,196,44.5,22.5,128,65,39,41.5,104,96.5,66.5,99,157.5,151.5,162,63.5,47.5,178,176,132.5,86.5,126,99.5,42,42,54,89,94.5,103.5,64.5,156,166,129.5,47.5,82.5,164,181,156,207,201,200,245,248.5,75.5
2016,11,115.5,90,48.5,36,161,50,45.5,88.5,91.5,51.5,105.5,147,139,148,89.5,152,163.5,159,62.5,50.5,94.5,146,78,70.5,99.5,82,69,71,83.5,90.5,120,120,45.5,82.5,117,83.5,48.5,59.5,100,132.5,155,107,109.5,88.5,67.5,124,103
2016,12,206.5,169,58,31.5,167,73,52.5,66.5,57,36,77,57,84,90.5,179.5,233.5,256,235,81.5,66,92.5,178,93,79,98,92,104,71.5,111,92.5,245,252,73.5,92.5,134.5,86,73,100,136,141,78,84,106,55,51.5,86.5,47.5
2017,1,72.5,84,35.5,18,134,106.5,69.5,17.5,18,15.5,18,43,26,24.5,161,219.5,240.5,233.5,22.5,88,51.5,48.5,24.5,45.5,165.5,61,33.5,32,42.5,35.5,248.5,186.5,26.5,52,100,36.5,25,52.5,23,69.5,32,63,44,55.5,72,34,92.5
2017,2,57.5,109,66.5,15,187,94.5,24,23.5,7.5,2,13,27,15.5,15,95,183,154,204,17,49.5,60.5,107,48,31.5,122.5,40,45,43.5,59,34.5,306.5,199.5,31,66,96.5,11.5,35,67,63.5,49.5,85.5,92.5,69.5,24.5,48,83.5,84
2017,3,75.5,74,43.5,77.5,49,45.5,70,76,61,40,70,91,85.5,90.5,69,108.5,98.5,111.5,67.5,21.5,85.5,96.5,74,87,75.5,56,46.5,32,59,35,94,69,43,55.5,67.5,41.5,47,61,52.5,46,48,68.5,70,82,186.5,139.5,96.5
2017,4,65.5,48,83,101,115.5,44.5,65.5,112.5,111.5,46,73,123,122,122.5,99.5,101.5,136,156,76,45.5,180,278,158,92,108.5,129,94,124,85,63,71,106.5,79,192,220,91,76,121,293.5,192.5,222,216,202.5,144.5,260,396,67
2017,5,57.5,36.5,90,137,91.5,54.5,76.5,95.5,83.5,72.5,57,74.5,49,60.5,56,74,52,60.5,46,59,81,91.5,64.5,107,70.5,66,96,64,80,62.5,46.5,30,48,50.5,56,62.5,69.5,93.5,127.5,81,111,119.5,150,112,222,158,315.5
2017,6,168.5,97.5,108,80.5,138.5,49,70.5,55.5,127.5,57.5,61,51,106.5,138,48,103.5,85,92.5,64.5,56.5,176.5,272,133,139,196.5,205,167.5,158.5,112,93.5,76.5,86.5,219,261,160,166,107.5,174,344,173,150.5,172.5,202.5,160,363,476.5,444.5
2017,7,75.5,173.5,344,182,261,358,217,104,188.5,277,160,33,81,81,443,579,526.5,237.5,118,289.5,247,272.5,265,40,276,150.5,45.5,77.5,57,84,205,168.5,119.5,174.5,157.5,124,139,118.5,181.5,146,330.5,223.5,408.5,203,124,229,44
2017,8,78.5,120.5,183,219,234.5,174.5,150.5,123.5,210,211,190,63.5,141.5,148,258,354.5,297,213,98.5,224.5,249,61.5,221.5,252.5,174.5,129.5,104.5,69.5,126,178,208,141.5,83,98.5,203,143,192.5,104.5,208.5,95.5,137,246.5,158,82.5,189.5,139,56.5
2017,9,187,108,170.5,135.5,164,95.5,113,126,112,84,148.5,203,209.5,322.5,95.5,176,217.5,222.5,112.5,71,124.5,237.5,107.5,164.5,94,159,127.5,186,145,90,314,214.5,212.5,250,310,119.5,247.5,288,207.5,128.5,204,204.5,241,389.5,575,337.5,239.5
2017,10,114,167,188,340.5,202,188,309.5,332.5,343.5,381,470,454,531.5,544,150.5,273,286,317.5,419,249,513.5,563.5,530,648,450.5,397,430,338,443,574.5,353.5,358,315,387.5,340,630,416.5,370.5,428.5,289.5,278,279.5,196,620.5,556.5,141.5,270
2017,11,129,200.5,41,7.5,183,42.5,14,39.5,34,6,25,68.5,47,65,231.5,202.5,246,282,18.5,18,43.5,49.5,47.5,50,68.5,43,58,44,52,56.5,121.5,93,21.5,20.5,23.5,51.5,44,50.5,54.5,23.5,19,59,60.5,33,117.5,110.5,146.5
2017,12,77,169.5,56.5,7,175,88.5,22.5,20.5,10.5,0,10,18.5,15,17,329.5,324.5,364,376,16,22,51.5,30,28,22.5,92.5,33.5,27.5,27,30.5,34.5,203,107,7.5,11.5,30,19,16,28.5,37.5,24,17,33.5,16,3,7.5,29,50.5
2018,1,99.5,104,36.5,50,113,116.5,72.5,48.5,31.5,18,34.5,60,48.5,82.5,206,305.5,347,340.5,43.5,40.5,65.5,109.5,41,50,113.5,42.5,51.5,44,60,79,141.5,164.5,37,55,84.5,37.5,30,63,96.5,89.5,70,71.5,82,42,63.5,96,150.5
2018,2,43,97.5,58.5,25.5,107.5,50.5,13,7.5,6,16,10,18,20,19.5,108.5,190.5,203,267,11,17.5,19,22.5,17.5,17,31,23.5,28.5,36,24,41,97,86,36,35,55.5,71,38,26.5,108,57,49,87.5,51.5,44,94.5,97.5,84
2018,3,115.5,74.5,133.5,126.5,131,89,93.5,189,145.5,89.5,194.5,188.5,220,230.5,111,216.5,207.5,199,187,74.5,220.5,342,202.5,185.5,150,157,137,128.5,130.5,143.5,179.5,214,147.5,201,218.5,165,142,167.5,226,147.5,173.5,185,131,150,179.5,158.5,100.5
2018,4,36.5,82.5,108.5,37,143,49,40.5,96,79,54,51.5,76.5,109,118.5,139.5,154.5,184.5,212,74.5,74.5,244,341,213.5,129.5,155.5,161,140,137,162.5,154.5,97,98,72,126,114.5,50.5,55,138,201,61,169.5,155,193.5,54.5,59.5,121.5,126
2018,5,66,169.5,186,102.5,288.5,103.5,92.5,175.5,139,111,109.5,192,165.5,192,139,186.5,225,252.5,99.5,96,297.5,334.5,253.5,196,244,187,230.5,240.5,216.5,224,167,212.5,150.5,209,239.5,194,135.5,158.5,275.5,134,170.5,147,191,118,408.5,342.5,33
2018,6,141.5,102,103,100.5,156,42.5,26,106,103.5,132,91,156.5,155.5,188.5,66.5,118.5,97.5,92,67.5,40.5,208.5,279.5,193.5,220.5,210,209,192,215.5,212.5,180,117.5,233,140,185,400.5,207,119,194.5,355,267,291,276.5,373,288,479.5,339.5,218.5
2018,7,155.5,191,109.5,58.5,204.5,52,83.5,131.5,166,153,101,83,107,101,42,207,207,257.5,118,142,320.5,234,152.5,182,310.5,368.5,332,531.5,326,450,314.5,162.5,372,492,354.5,258.5,351,435.5,630.5,466.5,441.5,381.5,290,286,579.5,436.5,429
2018,8,228.5,180.5,211,272.5,220.5,281,105.5,83.5,273.5,198,109,58.5,86.5,78,278,316,253,95,148.5,82,103.5,145,128,148,78.5,112.5,41.5,135.5,36,96.5,32,58.5,37,47,23.5,166.5,77,15.5,250.5,52,88.5,45,36,38,342.5,46,310
2018,9,49.5,103,206,188.5,248,173.5,162.5,288.5,210.5,220.5,307.5,285,365,373,248.5,563.5,529,509.5,330.5,239,427.5,425,365.5,450.5,312,390.5,372,464.5,322,459.5,617,482,314.5,365,309,443,527.5,452,712.5,176.5,226.5,232.5,426,446.5,568,368.5,334.5
2018,10,187,185.5,72.5,68,178.5,36.5,69.5,67,69.5,26,48.5,65.5,61.5,64,154,153,153.5,91.5,28.5,31,48,63,23.5,22,60.5,35.5,24,47,34,32,90,56.5,40,35,30,78.5,43.5,34.5,84,59.5,61,52,52.5,92.5,208.5,53.5,375
2018,11,73,90.5,38.5,23.5,81.5,19.5,7.5,65,17,17,21,34,63,56,97,120.5,112,78.5,15.5,7.5,40,38,44,60.5,62,22.5,30.5,11.5,36,26.5,102.5,34.5,2.5,38,23.5,31.5,13.5,34,68,39.5,46.5,63,58,41.5,78,92,160.5
2018,12,86.5,172.5,58.5,29,144.5,110.5,61.5,24.5,16,11.5,30.5,43.5,44,70,205.5,219,246.5,237,29.5,41,92.5,108,60.5,58.5,135.5,60.5,72,46,86.5,64,228,174.5,61,90.5,86,57,43,77,85,67,89.5,124.5,66,62,106,245,148
